{
"lengthUnit": "mil",
"remark": [],
"components": {
	"fields": ["COMPONENT_NO", "COMPONENT_NAME", "LAYER", "X_COORDINATE", "Y_COORDINATE", "ANGLE"],
	"rows": [
		[1, "C1", "T", 10, -430, 90],
		[2, "Q1", "T", 925, -265, 270],
		[3, "Q2", "T", 1200, -325, 0],
		[4, "Q3", "T", 1995, -320, 0],
		[5, "Q4", "T", 970, -585, 0],
		[6, "Q5", "T", 1590, -325, 0],
		[7, "R1", "B", 305, -560, 180],
		[8, "R2", "T", 965, -420, 90],
		[9, "R3", "T", 1075, -420, 270],
		[10, "R4", "T", 1592.7255, -470.666, 180],
		[11, "R5", "T", 1592.1085, -580.666, 0],
		[12, "R6", "B", 305, -690, 180],
		[13, "R7", "T", 1330, -325, 90],
		[14, "R8", "T", 1435, -325, 270],
		[15, "R9", "T", 1400, -475, 180],
		[16, "R10", "T", 1400, -580, 0],
		[17, "R11", "B", 305, -170, 180],
		[18, "R12", "T", 2130, -320, 90],
		[19, "R13", "T", 2240, -320, 270],
		[20, "R14", "T", 2200, -470, 180],
		[21, "R15", "T", 2200, -580, 0],
		[22, "R16", "B", 305, -300, 180],
		[23, "R17", "T", 1110, -585, 90],
		[24, "R18", "T", 1240, -585, 270],
		[25, "R19", "T", 1995, -470, 180],
		[26, "R20", "T", 1995.019, -580.666, 0],
		[27, "R21", "B", 305, -430, 180],
		[28, "R22", "T", 1725, -320, 90],
		[29, "R23", "T", 1835, -320, 270],
		[30, "R24", "T", 1795.636, -471.235, 180],
		[31, "R25", "T", 1795.019, -581.235, 0],
		[32, "U1", "T", 1690, -430, 180],
		[33, "PAD1", "T", 502.126, -430, 0],
		[34, "PAD1", "B", 502.126, -430, 0],
		[35, "PAD2", "T", 698.9764, -430, 0],
		[36, "PAD2", "B", 698.9764, -430, 0],
		[37, "PAD3", "T", 502.126, -725.2756, 0],
		[38, "PAD3", "B", 502.126, -725.2756, 0],
		[39, "PAD4", "T", 502.126, -134.7244, 0],
		[40, "PAD4", "B", 502.126, -134.7244, 0],
		[41, "PAD5", "T", 600.5512, -626.8504, 0],
		[42, "PAD5", "B", 600.5512, -626.8504, 0],
		[43, "PAD6", "T", 600.5512, -233.1496, 0],
		[44, "PAD6", "B", 600.5512, -233.1496, 0],
		[45, "PAD7", "T", 887.6, -304.37, 0],
		[46, "PAD8", "T", 962.4, -304.37, 0],
		[47, "PAD9", "T", 925, -225.63, 0],
		[48, "PAD10", "B", 265.63, -560, 0],
		[49, "PAD11", "B", 344.37, -560, 0],
		[50, "PAD12", "T", 1239.37, -362.4, 0],
		[51, "PAD13", "T", 1239.37, -287.6, 0],
		[52, "PAD14", "T", 1160.63, -325, 0],
		[53, "PAD15", "T", 2034.37, -357.4, 0],
		[54, "PAD16", "T", 2034.37, -282.6, 0],
		[55, "PAD17", "T", 1955.63, -320, 0],
		[56, "PAD18", "T", 1009.37, -622.4, 0],
		[57, "PAD19", "T", 1009.37, -547.6, 0],
		[58, "PAD20", "T", 930.63, -585, 0],
		[59, "PAD21", "T", 1629.37, -362.4, 0],
		[60, "PAD22", "T", 1629.37, -287.6, 0],
		[61, "PAD23", "T", 1550.63, -325, 0],
		[62, "PAD24", "T", 965, -380.63, 0],
		[63, "PAD25", "T", 965, -459.37, 0],
		[64, "PAD26", "T", 1075, -459.37, 0],
		[65, "PAD27", "T", 1075, -380.63, 0],
		[66, "PAD28", "T", 1553.3555, -470.666, 0],
		[67, "PAD29", "T", 1632.0955, -470.666, 0],
		[68, "PAD30", "T", 1631.4785, -580.666, 0],
		[69, "PAD31", "T", 1552.7385, -580.666, 0],
		[70, "PAD32", "B", 265.63, -690, 0],
		[71, "PAD33", "B", 344.37, -690, 0],
		[72, "PAD34", "T", 1330, -285.63, 0],
		[73, "PAD35", "T", 1330, -364.37, 0],
		[74, "PAD36", "T", 1435, -364.37, 0],
		[75, "PAD37", "T", 1435, -285.63, 0],
		[76, "PAD38", "T", 1360.63, -475, 0],
		[77, "PAD39", "T", 1439.37, -475, 0],
		[78, "PAD40", "T", 1439.37, -580, 0],
		[79, "PAD41", "T", 1360.63, -580, 0],
		[80, "PAD42", "B", 265.63, -170, 0],
		[81, "PAD43", "B", 344.37, -170, 0],
		[82, "PAD44", "T", 2130, -280.63, 0],
		[83, "PAD45", "T", 2130, -359.37, 0],
		[84, "PAD46", "T", 2240, -359.37, 0],
		[85, "PAD47", "T", 2240, -280.63, 0],
		[86, "PAD48", "T", 2160.63, -470, 0],
		[87, "PAD49", "T", 2239.37, -470, 0],
		[88, "PAD50", "T", 2239.37, -580, 0],
		[89, "PAD51", "T", 2160.63, -580, 0],
		[90, "PAD52", "B", 265.63, -300, 0],
		[91, "PAD53", "B", 344.37, -300, 0],
		[92, "PAD54", "T", 1110, -545.63, 0],
		[93, "PAD55", "T", 1110, -624.37, 0],
		[94, "PAD56", "T", 1240, -624.37, 0],
		[95, "PAD57", "T", 1240, -545.63, 0],
		[96, "PAD58", "T", 1955.63, -470, 0],
		[97, "PAD59", "T", 2034.37, -470, 0],
		[98, "PAD60", "T", 2034.389, -580.666, 0],
		[99, "PAD61", "T", 1955.649, -580.666, 0],
		[100, "PAD62", "B", 265.63, -430, 0],
		[101, "PAD63", "B", 344.37, -430, 0],
		[102, "PAD64", "T", 1725, -280.63, 0],
		[103, "PAD65", "T", 1725, -359.37, 0],
		[104, "PAD66", "T", 1835, -359.37, 0],
		[105, "PAD67", "T", 1835, -280.63, 0],
		[106, "PAD68", "T", 1756.266, -471.235, 0],
		[107, "PAD69", "T", 1835.006, -471.235, 0],
		[108, "PAD70", "T", 1834.389, -581.235, 0],
		[109, "PAD71", "T", 1755.649, -581.235, 0],
		[110, "PAD72", "T", 2290, -755, 0],
		[111, "PAD73", "T", 2190, -755, 0],
		[112, "PAD74", "T", 2090, -755, 0],
		[113, "PAD75", "T", 1990, -755, 0],
		[114, "PAD76", "T", 1890, -755, 0],
		[115, "PAD77", "T", 1790, -755, 0],
		[116, "PAD78", "T", 1690, -755, 0],
		[117, "PAD79", "T", 1590, -755, 0],
		[118, "PAD80", "T", 1490, -755, 0],
		[119, "PAD81", "T", 1390, -755, 0],
		[120, "PAD82", "T", 1290, -755, 0],
		[121, "PAD83", "T", 1290, -105, 0],
		[122, "PAD84", "T", 1090, -105, 0],
		[123, "PAD85", "T", 2290, -730, 0],
		[124, "PAD85", "B", 2290, -730, 0],
		[125, "PAD86", "T", 2190, -730, 0],
		[126, "PAD86", "B", 2190, -730, 0],
		[127, "PAD87", "T", 2090, -730, 0],
		[128, "PAD87", "B", 2090, -730, 0],
		[129, "PAD88", "T", 1990, -730, 0],
		[130, "PAD88", "B", 1990, -730, 0],
		[131, "PAD89", "T", 1890, -730, 0],
		[132, "PAD89", "B", 1890, -730, 0],
		[133, "PAD90", "T", 1790, -730, 0],
		[134, "PAD90", "B", 1790, -730, 0],
		[135, "PAD91", "T", 1690, -730, 0],
		[136, "PAD91", "B", 1690, -730, 0],
		[137, "PAD92", "T", 1590, -730, 0],
		[138, "PAD92", "B", 1590, -730, 0],
		[139, "PAD93", "T", 1490, -730, 0],
		[140, "PAD93", "B", 1490, -730, 0],
		[141, "PAD94", "T", 1390, -730, 0],
		[142, "PAD94", "B", 1390, -730, 0],
		[143, "PAD95", "T", 1290, -730, 0],
		[144, "PAD95", "B", 1290, -730, 0],
		[145, "PAD96", "T", 1090, -130, 0],
		[146, "PAD96", "B", 1090, -130, 0],
		[147, "PAD97", "T", 1290, -130, 0],
		[148, "PAD97", "B", 1290, -130, 0]
	]
},
"pins": {
	"fields": ["PIN_NO", "PIN_NAME", "PIN_X", "PIN_Y", "LAYER", "PIN_TYPE", "NET_NAME", "NET_TYPE", "PAD_SHAPE", "PAD_SIZEX", "PAD_SIZEY", "HOLE_SIZE", "HOLE_LEN", "PAD_ANGLE"],
	"rows": [
		[1, "C1_1", 502.126, -430, "T", "DIP", "ATTN", "", "C", 90.5512, 90.5512, 55.1181, 55.1181, 90],
		[2, "C1_1", 502.126, -430, "B", "DIP", "ATTN", "", "C", 90.5512, 90.5512, 55.1181, 55.1181, 90],
		[3, "C1_2", 502.126, -725.2756, "T", "DIP", "SRQ", "", "C", 90.5512, 90.5512, 55.1181, 55.1181, 90],
		[4, "C1_2", 502.126, -725.2756, "B", "DIP", "SRQ", "", "C", 90.5512, 90.5512, 55.1181, 55.1181, 90],
		[5, "C1_3", 502.126, -134.7244, "T", "DIP", "DATA", "", "C", 90.5512, 90.5512, 55.1181, 55.1181, 90],
		[6, "C1_3", 502.126, -134.7244, "B", "DIP", "DATA", "", "C", 90.5512, 90.5512, 55.1181, 55.1181, 90],
		[7, "C1_4", 600.5512, -626.8504, "T", "DIP", "GND", "GND", "C", 90.5512, 90.5512, 55.1181, 55.1181, 90],
		[8, "C1_4", 600.5512, -626.8504, "B", "DIP", "GND", "GND", "C", 90.5512, 90.5512, 55.1181, 55.1181, 90],
		[9, "C1_5", 600.5512, -233.1496, "T", "DIP", "CLK", "", "C", 90.5512, 90.5512, 55.1181, 55.1181, 90],
		[10, "C1_5", 600.5512, -233.1496, "B", "DIP", "CLK", "", "C", 90.5512, 90.5512, 55.1181, 55.1181, 90],
		[11, "C1_6", 698.9764, -430, "T", "DIP", "RESET", "", "C", 90.5512, 90.5512, 55.1181, 55.1181, 90],
		[12, "C1_6", 698.9764, -430, "B", "DIP", "RESET", "", "C", 90.5512, 90.5512, 55.1181, 55.1181, 90],
		[13, "C1_7", 108.4252, -626.8504, "T", "DIP", "NET_1", "", "C", 90.5512, 90.5512, 55.1181, 55.1181, 90],
		[14, "C1_7", 108.4252, -626.8504, "B", "DIP", "NET_1", "", "C", 90.5512, 90.5512, 55.1181, 55.1181, 90],
		[15, "C1_8", 108.4252, -233.1496, "T", "DIP", "NET_2", "", "C", 90.5512, 90.5512, 55.1181, 55.1181, 90],
		[16, "C1_8", 108.4252, -233.1496, "B", "DIP", "NET_2", "", "C", 90.5512, 90.5512, 55.1181, 55.1181, 90],
		[17, "Q1_1", 887.6, -304.37, "T", "SMD", "$1N1789", "", "R", 49.213, 27.559, 0, 0, 270],
		[18, "Q1_2", 962.4, -304.37, "T", "SMD", "GND", "GND", "R", 49.213, 27.559, 0, 0, 270],
		[19, "Q1_3", 925, -225.63, "T", "SMD", "ATTN", "", "R", 49.213, 27.559, 0, 0, 270],
		[20, "Q2_1", 1239.37, -362.4, "T", "SMD", "$1N2403", "", "R", 49.213, 27.559, 0, 0, 0],
		[21, "Q2_2", 1239.37, -287.6, "T", "SMD", "GND", "GND", "R", 49.213, 27.559, 0, 0, 0],
		[22, "Q2_3", 1160.63, -325, "T", "SMD", "SRQ", "", "R", 49.213, 27.559, 0, 0, 0],
		[23, "Q3_1", 2034.37, -357.4, "T", "SMD", "$1N2692", "", "R", 49.213, 27.559, 0, 0, 0],
		[24, "Q3_2", 2034.37, -282.6, "T", "SMD", "GND", "GND", "R", 49.213, 27.559, 0, 0, 0],
		[25, "Q3_3", 1955.63, -320, "T", "SMD", "DATA", "", "R", 49.213, 27.559, 0, 0, 0],
		[26, "Q4_1", 1009.37, -622.4, "T", "SMD", "$1N2981", "", "R", 49.213, 27.559, 0, 0, 0],
		[27, "Q4_2", 1009.37, -547.6, "T", "SMD", "GND", "GND", "R", 49.213, 27.559, 0, 0, 0],
		[28, "Q4_3", 930.63, -585, "T", "SMD", "CLK", "", "R", 49.213, 27.559, 0, 0, 0],
		[29, "Q5_1", 1629.37, -362.4, "T", "SMD", "$1N3270", "", "R", 49.213, 27.559, 0, 0, 0],
		[30, "Q5_2", 1629.37, -287.6, "T", "SMD", "GND", "GND", "R", 49.213, 27.559, 0, 0, 0],
		[31, "Q5_3", 1550.63, -325, "T", "SMD", "RESET", "", "R", 49.213, 27.559, 0, 0, 0],
		[32, "R1_1", 344.37, -560, "B", "SMD", "ATTN", "", "R", 44.588, 54.213, 0, 0, 180],
		[33, "R1_2", 265.63, -560, "B", "SMD", "+5V", "", "R", 44.588, 54.213, 0, 0, 180],
		[34, "R2_1", 965, -459.37, "T", "SMD", "$1N1789", "", "R", 44.588, 54.213, 0, 0, 90],
		[35, "R2_2", 965, -380.63, "T", "SMD", "GND", "GND", "R", 44.588, 54.213, 0, 0, 90],
		[36, "R3_1", 1075, -380.63, "T", "SMD", "ATTN_OUT", "", "R", 44.588, 54.213, 0, 0, 270],
		[37, "R3_2", 1075, -459.37, "T", "SMD", "$1N1789", "", "R", 44.588, 54.213, 0, 0, 270],
		[38, "R4_1", 1632.0955, -470.666, "T", "SMD", "ATTN_IN", "", "R", 44.588, 54.213, 0, 0, 180],
		[39, "R4_2", 1553.3555, -470.666, "T", "SMD", "ATTN", "", "R", 44.588, 54.213, 0, 0, 180],
		[40, "R5_1", 1552.7385, -580.666, "T", "SMD", "GND", "GND", "R", 44.588, 54.213, 0, 0, 0],
		[41, "R5_2", 1631.4785, -580.666, "T", "SMD", "ATTN_IN", "", "R", 44.588, 54.213, 0, 0, 0],
		[42, "R6_1", 344.37, -690, "B", "SMD", "SRQ", "", "R", 44.588, 54.213, 0, 0, 180],
		[43, "R6_2", 265.63, -690, "B", "SMD", "+5V", "", "R", 44.588, 54.213, 0, 0, 180],
		[44, "R7_1", 1330, -364.37, "T", "SMD", "$1N2403", "", "R", 44.588, 54.213, 0, 0, 90],
		[45, "R7_2", 1330, -285.63, "T", "SMD", "GND", "GND", "R", 44.588, 54.213, 0, 0, 90],
		[46, "R8_1", 1435, -285.63, "T", "SMD", "SRQ_OUT", "", "R", 44.588, 54.213, 0, 0, 270],
		[47, "R8_2", 1435, -364.37, "T", "SMD", "$1N2403", "", "R", 44.588, 54.213, 0, 0, 270],
		[48, "R9_1", 1439.37, -475, "T", "SMD", "SRQ_IN", "", "R", 44.588, 54.213, 0, 0, 180],
		[49, "R9_2", 1360.63, -475, "T", "SMD", "SRQ", "", "R", 44.588, 54.213, 0, 0, 180],
		[50, "R10_1", 1360.63, -580, "T", "SMD", "GND", "GND", "R", 44.588, 54.213, 0, 0, 0],
		[51, "R10_2", 1439.37, -580, "T", "SMD", "SRQ_IN", "", "R", 44.588, 54.213, 0, 0, 0],
		[52, "R11_1", 344.37, -170, "B", "SMD", "DATA", "", "R", 44.588, 54.213, 0, 0, 180],
		[53, "R11_2", 265.63, -170, "B", "SMD", "+5V", "", "R", 44.588, 54.213, 0, 0, 180],
		[54, "R12_1", 2130, -359.37, "T", "SMD", "$1N2692", "", "R", 44.588, 54.213, 0, 0, 90],
		[55, "R12_2", 2130, -280.63, "T", "SMD", "GND", "GND", "R", 44.588, 54.213, 0, 0, 90],
		[56, "R13_1", 2240, -280.63, "T", "SMD", "DATA_OUT", "", "R", 44.588, 54.213, 0, 0, 270],
		[57, "R13_2", 2240, -359.37, "T", "SMD", "$1N2692", "", "R", 44.588, 54.213, 0, 0, 270],
		[58, "R14_1", 2239.37, -470, "T", "SMD", "DATA_IN", "", "R", 44.588, 54.213, 0, 0, 180],
		[59, "R14_2", 2160.63, -470, "T", "SMD", "DATA", "", "R", 44.588, 54.213, 0, 0, 180],
		[60, "R15_1", 2160.63, -580, "T", "SMD", "GND", "GND", "R", 44.588, 54.213, 0, 0, 0],
		[61, "R15_2", 2239.37, -580, "T", "SMD", "DATA_IN", "", "R", 44.588, 54.213, 0, 0, 0],
		[62, "R16_1", 344.37, -300, "B", "SMD", "CLK", "", "R", 44.588, 54.213, 0, 0, 180],
		[63, "R16_2", 265.63, -300, "B", "SMD", "+5V", "", "R", 44.588, 54.213, 0, 0, 180],
		[64, "R17_1", 1110, -624.37, "T", "SMD", "$1N2981", "", "R", 44.588, 54.213, 0, 0, 90],
		[65, "R17_2", 1110, -545.63, "T", "SMD", "GND", "GND", "R", 44.588, 54.213, 0, 0, 90],
		[66, "R18_1", 1240, -545.63, "T", "SMD", "CLK_OUT", "", "R", 44.588, 54.213, 0, 0, 270],
		[67, "R18_2", 1240, -624.37, "T", "SMD", "$1N2981", "", "R", 44.588, 54.213, 0, 0, 270],
		[68, "R19_1", 2034.37, -470, "T", "SMD", "CLK_IN", "", "R", 44.588, 54.213, 0, 0, 180],
		[69, "R19_2", 1955.63, -470, "T", "SMD", "CLK", "", "R", 44.588, 54.213, 0, 0, 180],
		[70, "R20_1", 1955.649, -580.666, "T", "SMD", "GND", "GND", "R", 44.588, 54.213, 0, 0, 0],
		[71, "R20_2", 2034.389, -580.666, "T", "SMD", "CLK_IN", "", "R", 44.588, 54.213, 0, 0, 0],
		[72, "R21_1", 344.37, -430, "B", "SMD", "RESET", "", "R", 44.588, 54.213, 0, 0, 180],
		[73, "R21_2", 265.63, -430, "B", "SMD", "+5V", "", "R", 44.588, 54.213, 0, 0, 180],
		[74, "R22_1", 1725, -359.37, "T", "SMD", "$1N3270", "", "R", 44.588, 54.213, 0, 0, 90],
		[75, "R22_2", 1725, -280.63, "T", "SMD", "GND", "GND", "R", 44.588, 54.213, 0, 0, 90],
		[76, "R23_1", 1835, -280.63, "T", "SMD", "RESET_OUT", "", "R", 44.588, 54.213, 0, 0, 270],
		[77, "R23_2", 1835, -359.37, "T", "SMD", "$1N3270", "", "R", 44.588, 54.213, 0, 0, 270],
		[78, "R24_1", 1835.006, -471.235, "T", "SMD", "RESET_IN", "", "R", 44.588, 54.213, 0, 0, 180],
		[79, "R24_2", 1756.266, -471.235, "T", "SMD", "RESET", "", "R", 44.588, 54.213, 0, 0, 180],
		[80, "R25_1", 1755.649, -581.235, "T", "SMD", "GND", "GND", "R", 44.588, 54.213, 0, 0, 0],
		[81, "R25_2", 1834.389, -581.235, "T", "SMD", "RESET_IN", "", "R", 44.588, 54.213, 0, 0, 0],
		[82, "U1_0", 990, -755, "T", "SMD", "NET_3", "", "R", 78.7402, 150, 0, 0, 180],
		[83, "U1_0", 990, -730, "T", "DIP", "NET_4", "", "C", 70.8661, 70.8661, 39.3701, 39.3701, 180],
		[84, "U1_0", 990, -730, "B", "DIP", "NET_4", "", "C", 70.8661, 70.8661, 39.3701, 39.3701, 180],
		[85, "U1_1", 1090, -755, "T", "SMD", "NET_5", "", "R", 78.7402, 150, 0, 0, 180],
		[86, "U1_1", 1090, -730, "T", "DIP", "NET_6", "", "C", 70.8661, 70.8661, 39.3701, 39.3701, 180],
		[87, "U1_1", 1090, -730, "B", "DIP", "NET_6", "", "C", 70.8661, 70.8661, 39.3701, 39.3701, 180],
		[88, "U1_2", 1190, -755, "T", "SMD", "NET_7", "", "R", 78.7402, 150, 0, 0, 180],
		[89, "U1_2", 1190, -730, "T", "DIP", "NET_8", "", "C", 70.8661, 70.8661, 39.3701, 39.3701, 180],
		[90, "U1_2", 1190, -730, "B", "DIP", "NET_8", "", "C", 70.8661, 70.8661, 39.3701, 39.3701, 180],
		[91, "U1_3", 1290, -755, "T", "SMD", "GND", "GND", "R", 78.7402, 150, 0, 0, 180],
		[92, "U1_3", 1290, -730, "T", "DIP", "GND", "GND", "C", 70.8661, 70.8661, 39.3701, 39.3701, 180],
		[93, "U1_3", 1290, -730, "B", "DIP", "GND", "GND", "C", 70.8661, 70.8661, 39.3701, 39.3701, 180],
		[94, "U1_4", 1390, -755, "T", "SMD", "SRQ_IN", "", "R", 78.7402, 150, 0, 0, 180],
		[95, "U1_4", 1390, -730, "T", "DIP", "SRQ_IN", "", "C", 70.8661, 70.8661, 39.3701, 39.3701, 180],
		[96, "U1_4", 1390, -730, "B", "DIP", "SRQ_IN", "", "C", 70.8661, 70.8661, 39.3701, 39.3701, 180],
		[97, "U1_5", 1490, -755, "T", "SMD", "SRQ_OUT", "", "R", 78.7402, 150, 0, 0, 180],
		[98, "U1_5", 1490, -730, "T", "DIP", "SRQ_OUT", "", "C", 70.8661, 70.8661, 39.3701, 39.3701, 180],
		[99, "U1_5", 1490, -730, "B", "DIP", "SRQ_OUT", "", "C", 70.8661, 70.8661, 39.3701, 39.3701, 180],
		[100, "U1_6", 1590, -755, "T", "SMD", "ATTN_IN", "", "R", 78.7402, 150, 0, 0, 180],
		[101, "U1_6", 1590, -730, "T", "DIP", "ATTN_IN", "", "C", 70.8661, 70.8661, 39.3701, 39.3701, 180],
		[102, "U1_6", 1590, -730, "B", "DIP", "ATTN_IN", "", "C", 70.8661, 70.8661, 39.3701, 39.3701, 180],
		[103, "U1_7", 1690, -755, "T", "SMD", "ATTN_OUT", "", "R", 78.7402, 150, 0, 0, 180],
		[104, "U1_7", 1690, -730, "T", "DIP", "ATTN_OUT", "", "C", 70.8661, 70.8661, 39.3701, 39.3701, 180],
		[105, "U1_7", 1690, -730, "B", "DIP", "ATTN_OUT", "", "C", 70.8661, 70.8661, 39.3701, 39.3701, 180],
		[106, "U1_8", 1790, -755, "T", "SMD", "RESET_IN", "", "R", 78.7402, 150, 0, 0, 180],
		[107, "U1_8", 1790, -730, "T", "DIP", "RESET_IN", "", "C", 70.8661, 70.8661, 39.3701, 39.3701, 180],
		[108, "U1_8", 1790, -730, "B", "DIP", "RESET_IN", "", "C", 70.8661, 70.8661, 39.3701, 39.3701, 180],
		[109, "U1_9", 1890, -755, "T", "SMD", "RESET_OUT", "", "R", 78.7402, 150, 0, 0, 180],
		[110, "U1_9", 1890, -730, "T", "DIP", "RESET_OUT", "", "C", 70.8661, 70.8661, 39.3701, 39.3701, 180],
		[111, "U1_9", 1890, -730, "B", "DIP", "RESET_OUT", "", "C", 70.8661, 70.8661, 39.3701, 39.3701, 180],
		[112, "U1_10", 1990, -755, "T", "SMD", "CLK_IN", "", "R", 78.7402, 150, 0, 0, 180],
		[113, "U1_10", 1990, -730, "T", "DIP", "CLK_IN", "", "C", 70.8661, 70.8661, 39.3701, 39.3701, 180],
		[114, "U1_10", 1990, -730, "B", "DIP", "CLK_IN", "", "C", 70.8661, 70.8661, 39.3701, 39.3701, 180],
		[115, "U1_11", 2090, -755, "T", "SMD", "CLK_OUT", "", "R", 78.7402, 150, 0, 0, 180],
		[116, "U1_11", 2090, -730, "T", "DIP", "CLK_OUT", "", "C", 70.8661, 70.8661, 39.3701, 39.3701, 180],
		[117, "U1_11", 2090, -730, "B", "DIP", "CLK_OUT", "", "C", 70.8661, 70.8661, 39.3701, 39.3701, 180],
		[118, "U1_12", 2190, -755, "T", "SMD", "DATA_IN", "", "R", 78.7402, 150, 0, 0, 180],
		[119, "U1_12", 2190, -730, "T", "DIP", "DATA_IN", "", "C", 70.8661, 70.8661, 39.3701, 39.3701, 180],
		[120, "U1_12", 2190, -730, "B", "DIP", "DATA_IN", "", "C", 70.8661, 70.8661, 39.3701, 39.3701, 180],
		[121, "U1_13", 2290, -755, "T", "SMD", "DATA_OUT", "", "R", 78.7402, 150, 0, 0, 180],
		[122, "U1_13", 2290, -730, "T", "DIP", "DATA_OUT", "", "C", 70.8661, 70.8661, 39.3701, 39.3701, 180],
		[123, "U1_13", 2290, -730, "B", "DIP", "DATA_OUT", "", "C", 70.8661, 70.8661, 39.3701, 39.3701, 180],
		[124, "U1_14", 2390, -755, "T", "SMD", "NET_9", "", "R", 78.7402, 150, 0, 0, 180],
		[125, "U1_14", 2390, -730, "T", "DIP", "NET_10", "", "C", 70.8661, 70.8661, 39.3701, 39.3701, 180],
		[126, "U1_14", 2390, -730, "B", "DIP", "NET_10", "", "C", 70.8661, 70.8661, 39.3701, 39.3701, 180],
		[127, "U1_15", 2390, -105, "T", "SMD", "NET_11", "", "R", 78.7402, 150, 0, 0, 180],
		[128, "U1_15", 2390, -130, "T", "DIP", "NET_12", "", "C", 70.8661, 70.8661, 39.3701, 39.3701, 180],
		[129, "U1_15", 2390, -130, "B", "DIP", "NET_12", "", "C", 70.8661, 70.8661, 39.3701, 39.3701, 180],
		[130, "U1_16", 2290, -105, "T", "SMD", "NET_13", "", "R", 78.7402, 150, 0, 0, 180],
		[131, "U1_16", 2290, -130, "T", "DIP", "NET_14", "", "C", 70.8661, 70.8661, 39.3701, 39.3701, 180],
		[132, "U1_16", 2290, -130, "B", "DIP", "NET_14", "", "C", 70.8661, 70.8661, 39.3701, 39.3701, 180],
		[133, "U1_17", 2190, -105, "T", "SMD", "NET_15", "", "R", 78.7402, 150, 0, 0, 180],
		[134, "U1_17", 2190, -130, "T", "DIP", "NET_16", "", "C", 70.8661, 70.8661, 39.3701, 39.3701, 180],
		[135, "U1_17", 2190, -130, "B", "DIP", "NET_16", "", "C", 70.8661, 70.8661, 39.3701, 39.3701, 180],
		[136, "U1_18", 2090, -105, "T", "SMD", "NET_17", "", "R", 78.7402, 150, 0, 0, 180],
		[137, "U1_18", 2090, -130, "T", "DIP", "NET_18", "", "C", 70.8661, 70.8661, 39.3701, 39.3701, 180],
		[138, "U1_18", 2090, -130, "B", "DIP", "NET_18", "", "C", 70.8661, 70.8661, 39.3701, 39.3701, 180],
		[139, "U1_19", 1990, -105, "T", "SMD", "NET_19", "", "R", 78.7402, 150, 0, 0, 180],
		[140, "U1_19", 1990, -130, "T", "DIP", "NET_20", "", "C", 70.8661, 70.8661, 39.3701, 39.3701, 180],
		[141, "U1_19", 1990, -130, "B", "DIP", "NET_20", "", "C", 70.8661, 70.8661, 39.3701, 39.3701, 180],
		[142, "U1_20", 1890, -105, "T", "SMD", "NET_21", "", "R", 78.7402, 150, 0, 0, 180],
		[143, "U1_20", 1890, -130, "T", "DIP", "NET_22", "", "C", 70.8661, 70.8661, 39.3701, 39.3701, 180],
		[144, "U1_20", 1890, -130, "B", "DIP", "NET_22", "", "C", 70.8661, 70.8661, 39.3701, 39.3701, 180],
		[145, "U1_21", 1790, -105, "T", "SMD", "NET_23", "", "R", 78.7402, 150, 0, 0, 180],
		[146, "U1_21", 1790, -130, "T", "DIP", "NET_24", "", "C", 70.8661, 70.8661, 39.3701, 39.3701, 180],
		[147, "U1_21", 1790, -130, "B", "DIP", "NET_24", "", "C", 70.8661, 70.8661, 39.3701, 39.3701, 180],
		[148, "U1_22", 1690, -105, "T", "SMD", "NET_25", "", "R", 78.7402, 150, 0, 0, 180],
		[149, "U1_22", 1690, -130, "T", "DIP", "NET_26", "", "C", 70.8661, 70.8661, 39.3701, 39.3701, 180],
		[150, "U1_22", 1690, -130, "B", "DIP", "NET_26", "", "C", 70.8661, 70.8661, 39.3701, 39.3701, 180],
		[151, "U1_23", 1590, -105, "T", "SMD", "NET_27", "", "R", 78.7402, 150, 0, 0, 180],
		[152, "U1_23", 1590, -130, "T", "DIP", "NET_28", "", "C", 70.8661, 70.8661, 39.3701, 39.3701, 180],
		[153, "U1_23", 1590, -130, "B", "DIP", "NET_28", "", "C", 70.8661, 70.8661, 39.3701, 39.3701, 180],
		[154, "U1_24", 1490, -105, "T", "SMD", "NET_29", "", "R", 78.7402, 150, 0, 0, 180],
		[155, "U1_24", 1490, -130, "T", "DIP", "NET_30", "", "C", 70.8661, 70.8661, 39.3701, 39.3701, 180],
		[156, "U1_24", 1490, -130, "B", "DIP", "NET_30", "", "C", 70.8661, 70.8661, 39.3701, 39.3701, 180],
		[157, "U1_25", 1390, -105, "T", "SMD", "NET_31", "", "R", 78.7402, 150, 0, 0, 180],
		[158, "U1_25", 1390, -130, "T", "DIP", "NET_32", "", "C", 70.8661, 70.8661, 39.3701, 39.3701, 180],
		[159, "U1_25", 1390, -130, "B", "DIP", "NET_32", "", "C", 70.8661, 70.8661, 39.3701, 39.3701, 180],
		[160, "U1_26", 1290, -105, "T", "SMD", "+5V", "", "R", 78.7402, 150, 0, 0, 180],
		[161, "U1_26", 1290, -130, "T", "DIP", "+5V", "", "C", 70.8661, 70.8661, 39.3701, 39.3701, 180],
		[162, "U1_26", 1290, -130, "B", "DIP", "+5V", "", "C", 70.8661, 70.8661, 39.3701, 39.3701, 180],
		[163, "U1_27", 1190, -105, "T", "SMD", "NET_33", "", "R", 78.7402, 150, 0, 0, 180],
		[164, "U1_27", 1190, -130, "T", "DIP", "NET_34", "", "C", 70.8661, 70.8661, 39.3701, 39.3701, 180],
		[165, "U1_27", 1190, -130, "B", "DIP", "NET_34", "", "C", 70.8661, 70.8661, 39.3701, 39.3701, 180],
		[166, "U1_28", 1090, -105, "T", "SMD", "GND", "GND", "R", 78.7402, 150, 0, 0, 180],
		[167, "U1_28", 1090, -130, "T", "DIP", "GND", "GND", "C", 70.8661, 70.8661, 39.3701, 39.3701, 180],
		[168, "U1_28", 1090, -130, "B", "DIP", "GND", "GND", "C", 70.8661, 70.8661, 39.3701, 39.3701, 180],
		[169, "U1_29", 990, -105, "T", "SMD", "NET_35", "", "R", 78.7402, 150, 0, 0, 180],
		[170, "U1_29", 990, -130, "T", "DIP", "NET_36", "", "C", 70.8661, 70.8661, 39.3701, 39.3701, 180],
		[171, "U1_29", 990, -130, "B", "DIP", "NET_36", "", "C", 70.8661, 70.8661, 39.3701, 39.3701, 180],
		[172, "PAD1_1", 502.126, -430, "T", "DIP", "ATTN", "", "C", 90.5512, 90.5512, 55.1181, 55.1181, 90],
		[173, "PAD1_1", 502.126, -430, "B", "DIP", "ATTN", "", "C", 90.5512, 90.5512, 55.1181, 55.1181, 90],
		[174, "PAD2_6", 698.9764, -430, "T", "DIP", "RESET", "", "C", 90.5512, 90.5512, 55.1181, 55.1181, 90],
		[175, "PAD2_6", 698.9764, -430, "B", "DIP", "RESET", "", "C", 90.5512, 90.5512, 55.1181, 55.1181, 90],
		[176, "PAD3_2", 502.126, -725.2756, "T", "DIP", "SRQ", "", "C", 90.5512, 90.5512, 55.1181, 55.1181, 90],
		[177, "PAD3_2", 502.126, -725.2756, "B", "DIP", "SRQ", "", "C", 90.5512, 90.5512, 55.1181, 55.1181, 90],
		[178, "PAD4_3", 502.126, -134.7244, "T", "DIP", "DATA", "", "C", 90.5512, 90.5512, 55.1181, 55.1181, 90],
		[179, "PAD4_3", 502.126, -134.7244, "B", "DIP", "DATA", "", "C", 90.5512, 90.5512, 55.1181, 55.1181, 90],
		[180, "PAD5_4", 600.5512, -626.8504, "T", "DIP", "GND", "GND", "C", 90.5512, 90.5512, 55.1181, 55.1181, 90],
		[181, "PAD5_4", 600.5512, -626.8504, "B", "DIP", "GND", "GND", "C", 90.5512, 90.5512, 55.1181, 55.1181, 90],
		[182, "PAD6_5", 600.5512, -233.1496, "T", "DIP", "CLK", "", "C", 90.5512, 90.5512, 55.1181, 55.1181, 90],
		[183, "PAD6_5", 600.5512, -233.1496, "B", "DIP", "CLK", "", "C", 90.5512, 90.5512, 55.1181, 55.1181, 90],
		[184, "PAD7_1", 887.6, -304.37, "T", "SMD", "$1N1789", "", "R", 49.213, 27.559, 0, 0, 270],
		[185, "PAD8_2", 962.4, -304.37, "T", "SMD", "GND", "GND", "R", 49.213, 27.559, 0, 0, 270],
		[186, "PAD9_3", 925, -225.63, "T", "SMD", "ATTN", "", "R", 49.213, 27.559, 0, 0, 270],
		[187, "PAD10_2", 265.63, -560, "B", "SMD", "+5V", "", "R", 44.588, 54.213, 0, 0, 180],
		[188, "PAD11_1", 344.37, -560, "B", "SMD", "ATTN", "", "R", 44.588, 54.213, 0, 0, 180],
		[189, "PAD12_1", 1239.37, -362.4, "T", "SMD", "$1N2403", "", "R", 49.213, 27.559, 0, 0, 0],
		[190, "PAD13_2", 1239.37, -287.6, "T", "SMD", "GND", "GND", "R", 49.213, 27.559, 0, 0, 0],
		[191, "PAD14_3", 1160.63, -325, "T", "SMD", "SRQ", "", "R", 49.213, 27.559, 0, 0, 0],
		[192, "PAD15_1", 2034.37, -357.4, "T", "SMD", "$1N2692", "", "R", 49.213, 27.559, 0, 0, 0],
		[193, "PAD16_2", 2034.37, -282.6, "T", "SMD", "GND", "GND", "R", 49.213, 27.559, 0, 0, 0],
		[194, "PAD17_3", 1955.63, -320, "T", "SMD", "DATA", "", "R", 49.213, 27.559, 0, 0, 0],
		[195, "PAD18_1", 1009.37, -622.4, "T", "SMD", "$1N2981", "", "R", 49.213, 27.559, 0, 0, 0],
		[196, "PAD19_2", 1009.37, -547.6, "T", "SMD", "GND", "GND", "R", 49.213, 27.559, 0, 0, 0],
		[197, "PAD20_3", 930.63, -585, "T", "SMD", "CLK", "", "R", 49.213, 27.559, 0, 0, 0],
		[198, "PAD21_1", 1629.37, -362.4, "T", "SMD", "$1N3270", "", "R", 49.213, 27.559, 0, 0, 0],
		[199, "PAD22_2", 1629.37, -287.6, "T", "SMD", "GND", "GND", "R", 49.213, 27.559, 0, 0, 0],
		[200, "PAD23_3", 1550.63, -325, "T", "SMD", "RESET", "", "R", 49.213, 27.559, 0, 0, 0],
		[201, "PAD24_2", 965, -380.63, "T", "SMD", "GND", "GND", "R", 44.588, 54.213, 0, 0, 90],
		[202, "PAD25_1", 965, -459.37, "T", "SMD", "$1N1789", "", "R", 44.588, 54.213, 0, 0, 90],
		[203, "PAD26_2", 1075, -459.37, "T", "SMD", "$1N1789", "", "R", 44.588, 54.213, 0, 0, 270],
		[204, "PAD27_1", 1075, -380.63, "T", "SMD", "ATTN_OUT", "", "R", 44.588, 54.213, 0, 0, 270],
		[205, "PAD28_2", 1553.3555, -470.666, "T", "SMD", "ATTN", "", "R", 44.588, 54.213, 0, 0, 180],
		[206, "PAD29_1", 1632.0955, -470.666, "T", "SMD", "ATTN_IN", "", "R", 44.588, 54.213, 0, 0, 180],
		[207, "PAD30_2", 1631.4785, -580.666, "T", "SMD", "ATTN_IN", "", "R", 44.588, 54.213, 0, 0, 0],
		[208, "PAD31_1", 1552.7385, -580.666, "T", "SMD", "GND", "GND", "R", 44.588, 54.213, 0, 0, 0],
		[209, "PAD32_2", 265.63, -690, "B", "SMD", "+5V", "", "R", 44.588, 54.213, 0, 0, 180],
		[210, "PAD33_1", 344.37, -690, "B", "SMD", "SRQ", "", "R", 44.588, 54.213, 0, 0, 180],
		[211, "PAD34_2", 1330, -285.63, "T", "SMD", "GND", "GND", "R", 44.588, 54.213, 0, 0, 90],
		[212, "PAD35_1", 1330, -364.37, "T", "SMD", "$1N2403", "", "R", 44.588, 54.213, 0, 0, 90],
		[213, "PAD36_2", 1435, -364.37, "T", "SMD", "$1N2403", "", "R", 44.588, 54.213, 0, 0, 270],
		[214, "PAD37_1", 1435, -285.63, "T", "SMD", "SRQ_OUT", "", "R", 44.588, 54.213, 0, 0, 270],
		[215, "PAD38_2", 1360.63, -475, "T", "SMD", "SRQ", "", "R", 44.588, 54.213, 0, 0, 180],
		[216, "PAD39_1", 1439.37, -475, "T", "SMD", "SRQ_IN", "", "R", 44.588, 54.213, 0, 0, 180],
		[217, "PAD40_2", 1439.37, -580, "T", "SMD", "SRQ_IN", "", "R", 44.588, 54.213, 0, 0, 0],
		[218, "PAD41_1", 1360.63, -580, "T", "SMD", "GND", "GND", "R", 44.588, 54.213, 0, 0, 0],
		[219, "PAD42_2", 265.63, -170, "B", "SMD", "+5V", "", "R", 44.588, 54.213, 0, 0, 180],
		[220, "PAD43_1", 344.37, -170, "B", "SMD", "DATA", "", "R", 44.588, 54.213, 0, 0, 180],
		[221, "PAD44_2", 2130, -280.63, "T", "SMD", "GND", "GND", "R", 44.588, 54.213, 0, 0, 90],
		[222, "PAD45_1", 2130, -359.37, "T", "SMD", "$1N2692", "", "R", 44.588, 54.213, 0, 0, 90],
		[223, "PAD46_2", 2240, -359.37, "T", "SMD", "$1N2692", "", "R", 44.588, 54.213, 0, 0, 270],
		[224, "PAD47_1", 2240, -280.63, "T", "SMD", "DATA_OUT", "", "R", 44.588, 54.213, 0, 0, 270],
		[225, "PAD48_2", 2160.63, -470, "T", "SMD", "DATA", "", "R", 44.588, 54.213, 0, 0, 180],
		[226, "PAD49_1", 2239.37, -470, "T", "SMD", "DATA_IN", "", "R", 44.588, 54.213, 0, 0, 180],
		[227, "PAD50_2", 2239.37, -580, "T", "SMD", "DATA_IN", "", "R", 44.588, 54.213, 0, 0, 0],
		[228, "PAD51_1", 2160.63, -580, "T", "SMD", "GND", "GND", "R", 44.588, 54.213, 0, 0, 0],
		[229, "PAD52_2", 265.63, -300, "B", "SMD", "+5V", "", "R", 44.588, 54.213, 0, 0, 180],
		[230, "PAD53_1", 344.37, -300, "B", "SMD", "CLK", "", "R", 44.588, 54.213, 0, 0, 180],
		[231, "PAD54_2", 1110, -545.63, "T", "SMD", "GND", "GND", "R", 44.588, 54.213, 0, 0, 90],
		[232, "PAD55_1", 1110, -624.37, "T", "SMD", "$1N2981", "", "R", 44.588, 54.213, 0, 0, 90],
		[233, "PAD56_2", 1240, -624.37, "T", "SMD", "$1N2981", "", "R", 44.588, 54.213, 0, 0, 270],
		[234, "PAD57_1", 1240, -545.63, "T", "SMD", "CLK_OUT", "", "R", 44.588, 54.213, 0, 0, 270],
		[235, "PAD58_2", 1955.63, -470, "T", "SMD", "CLK", "", "R", 44.588, 54.213, 0, 0, 180],
		[236, "PAD59_1", 2034.37, -470, "T", "SMD", "CLK_IN", "", "R", 44.588, 54.213, 0, 0, 180],
		[237, "PAD60_2", 2034.389, -580.666, "T", "SMD", "CLK_IN", "", "R", 44.588, 54.213, 0, 0, 0],
		[238, "PAD61_1", 1955.649, -580.666, "T", "SMD", "GND", "GND", "R", 44.588, 54.213, 0, 0, 0],
		[239, "PAD62_2", 265.63, -430, "B", "SMD", "+5V", "", "R", 44.588, 54.213, 0, 0, 180],
		[240, "PAD63_1", 344.37, -430, "B", "SMD", "RESET", "", "R", 44.588, 54.213, 0, 0, 180],
		[241, "PAD64_2", 1725, -280.63, "T", "SMD", "GND", "GND", "R", 44.588, 54.213, 0, 0, 90],
		[242, "PAD65_1", 1725, -359.37, "T", "SMD", "$1N3270", "", "R", 44.588, 54.213, 0, 0, 90],
		[243, "PAD66_2", 1835, -359.37, "T", "SMD", "$1N3270", "", "R", 44.588, 54.213, 0, 0, 270],
		[244, "PAD67_1", 1835, -280.63, "T", "SMD", "RESET_OUT", "", "R", 44.588, 54.213, 0, 0, 270],
		[245, "PAD68_2", 1756.266, -471.235, "T", "SMD", "RESET", "", "R", 44.588, 54.213, 0, 0, 180],
		[246, "PAD69_1", 1835.006, -471.235, "T", "SMD", "RESET_IN", "", "R", 44.588, 54.213, 0, 0, 180],
		[247, "PAD70_2", 1834.389, -581.235, "T", "SMD", "RESET_IN", "", "R", 44.588, 54.213, 0, 0, 0],
		[248, "PAD71_1", 1755.649, -581.235, "T", "SMD", "GND", "GND", "R", 44.588, 54.213, 0, 0, 0],
		[249, "PAD72_13", 2290, -755, "T", "SMD", "DATA_OUT", "", "R", 78.7402, 150, 0, 0, 180],
		[250, "PAD73_12", 2190, -755, "T", "SMD", "DATA_IN", "", "R", 78.7402, 150, 0, 0, 180],
		[251, "PAD74_11", 2090, -755, "T", "SMD", "CLK_OUT", "", "R", 78.7402, 150, 0, 0, 180],
		[252, "PAD75_10", 1990, -755, "T", "SMD", "CLK_IN", "", "R", 78.7402, 150, 0, 0, 180],
		[253, "PAD76_9", 1890, -755, "T", "SMD", "RESET_OUT", "", "R", 78.7402, 150, 0, 0, 180],
		[254, "PAD77_8", 1790, -755, "T", "SMD", "RESET_IN", "", "R", 78.7402, 150, 0, 0, 180],
		[255, "PAD78_7", 1690, -755, "T", "SMD", "ATTN_OUT", "", "R", 78.7402, 150, 0, 0, 180],
		[256, "PAD79_6", 1590, -755, "T", "SMD", "ATTN_IN", "", "R", 78.7402, 150, 0, 0, 180],
		[257, "PAD80_5", 1490, -755, "T", "SMD", "SRQ_OUT", "", "R", 78.7402, 150, 0, 0, 180],
		[258, "PAD81_4", 1390, -755, "T", "SMD", "SRQ_IN", "", "R", 78.7402, 150, 0, 0, 180],
		[259, "PAD82_3", 1290, -755, "T", "SMD", "GND", "GND", "R", 78.7402, 150, 0, 0, 180],
		[260, "PAD83_26", 1290, -105, "T", "SMD", "+5V", "", "R", 78.7402, 150, 0, 0, 180],
		[261, "PAD84_28", 1090, -105, "T", "SMD", "GND", "GND", "R", 78.7402, 150, 0, 0, 180],
		[262, "PAD85_13", 2290, -730, "T", "DIP", "DATA_OUT", "", "C", 70.8661, 70.8661, 39.3701, 39.3701, 180],
		[263, "PAD85_13", 2290, -730, "B", "DIP", "DATA_OUT", "", "C", 70.8661, 70.8661, 39.3701, 39.3701, 180],
		[264, "PAD86_12", 2190, -730, "T", "DIP", "DATA_IN", "", "C", 70.8661, 70.8661, 39.3701, 39.3701, 180],
		[265, "PAD86_12", 2190, -730, "B", "DIP", "DATA_IN", "", "C", 70.8661, 70.8661, 39.3701, 39.3701, 180],
		[266, "PAD87_11", 2090, -730, "T", "DIP", "CLK_OUT", "", "C", 70.8661, 70.8661, 39.3701, 39.3701, 180],
		[267, "PAD87_11", 2090, -730, "B", "DIP", "CLK_OUT", "", "C", 70.8661, 70.8661, 39.3701, 39.3701, 180],
		[268, "PAD88_10", 1990, -730, "T", "DIP", "CLK_IN", "", "C", 70.8661, 70.8661, 39.3701, 39.3701, 180],
		[269, "PAD88_10", 1990, -730, "B", "DIP", "CLK_IN", "", "C", 70.8661, 70.8661, 39.3701, 39.3701, 180],
		[270, "PAD89_9", 1890, -730, "T", "DIP", "RESET_OUT", "", "C", 70.8661, 70.8661, 39.3701, 39.3701, 180],
		[271, "PAD89_9", 1890, -730, "B", "DIP", "RESET_OUT", "", "C", 70.8661, 70.8661, 39.3701, 39.3701, 180],
		[272, "PAD90_8", 1790, -730, "T", "DIP", "RESET_IN", "", "C", 70.8661, 70.8661, 39.3701, 39.3701, 180],
		[273, "PAD90_8", 1790, -730, "B", "DIP", "RESET_IN", "", "C", 70.8661, 70.8661, 39.3701, 39.3701, 180],
		[274, "PAD91_7", 1690, -730, "T", "DIP", "ATTN_OUT", "", "C", 70.8661, 70.8661, 39.3701, 39.3701, 180],
		[275, "PAD91_7", 1690, -730, "B", "DIP", "ATTN_OUT", "", "C", 70.8661, 70.8661, 39.3701, 39.3701, 180],
		[276, "PAD92_6", 1590, -730, "T", "DIP", "ATTN_IN", "", "C", 70.8661, 70.8661, 39.3701, 39.3701, 180],
		[277, "PAD92_6", 1590, -730, "B", "DIP", "ATTN_IN", "", "C", 70.8661, 70.8661, 39.3701, 39.3701, 180],
		[278, "PAD93_5", 1490, -730, "T", "DIP", "SRQ_OUT", "", "C", 70.8661, 70.8661, 39.3701, 39.3701, 180],
		[279, "PAD93_5", 1490, -730, "B", "DIP", "SRQ_OUT", "", "C", 70.8661, 70.8661, 39.3701, 39.3701, 180],
		[280, "PAD94_4", 1390, -730, "T", "DIP", "SRQ_IN", "", "C", 70.8661, 70.8661, 39.3701, 39.3701, 180],
		[281, "PAD94_4", 1390, -730, "B", "DIP", "SRQ_IN", "", "C", 70.8661, 70.8661, 39.3701, 39.3701, 180],
		[282, "PAD95_3", 1290, -730, "T", "DIP", "GND", "GND", "C", 70.8661, 70.8661, 39.3701, 39.3701, 180],
		[283, "PAD95_3", 1290, -730, "B", "DIP", "GND", "GND", "C", 70.8661, 70.8661, 39.3701, 39.3701, 180],
		[284, "PAD96_28", 1090, -130, "T", "DIP", "GND", "GND", "C", 70.8661, 70.8661, 39.3701, 39.3701, 180],
		[285, "PAD96_28", 1090, -130, "B", "DIP", "GND", "GND", "C", 70.8661, 70.8661, 39.3701, 39.3701, 180],
		[286, "PAD97_26", 1290, -130, "T", "DIP", "+5V", "", "C", 70.8661, 70.8661, 39.3701, 39.3701, 180],
		[287, "PAD97_26", 1290, -130, "B", "DIP", "+5V", "", "C", 70.8661, 70.8661, 39.3701, 39.3701, 180]
	]
}
}